progress_id,user_id,programme_id,started_at,day_number,completed_at,status
pp_0000001,u_00031,purpose_21,2025-01-24,1,2025-01-24,completed
pp_0000002,u_00031,purpose_21,2025-01-24,2,2025-01-25,completed
pp_0000003,u_00031,purpose_21,2025-01-24,4,2025-01-27,completed
pp_0000004,u_00031,purpose_21,2025-01-24,5,2025-01-28,completed
pp_0000005,u_00031,purpose_21,2025-01-24,6,2025-01-29,completed
pp_0000006,u_00040,sabr_21,2025-05-30,1,2025-05-30,completed
pp_0000007,u_00040,sabr_21,2025-05-30,3,2025-06-01,completed
pp_0000008,u_00040,sabr_21,2025-05-30,4,2025-06-02,completed
pp_0000009,u_00055,sabr_21,2025-01-07,1,2025-01-07,completed
pp_0000010,u_00055,sabr_21,2025-01-07,2,2025-01-08,completed
pp_0000011,u_00055,sabr_21,2025-01-07,3,2025-01-09,completed
pp_0000012,u_00056,purpose_21,2025-06-17,1,2025-06-17,completed
pp_0000013,u_00110,sabr_21,2025-09-20,1,2025-09-20,completed
pp_0000014,u_00171,purpose_21,2025-09-11,1,2025-09-11,completed
pp_0000015,u_00171,purpose_21,2025-09-11,2,2025-09-12,completed
pp_0000016,u_00171,purpose_21,2025-09-11,3,2025-09-13,completed
pp_0000017,u_00171,purpose_21,2025-09-11,4,2025-09-14,completed
pp_0000018,u_00220,purpose_21,2025-11-26,1,2025-11-26,completed
pp_0000019,u_00220,purpose_21,2025-11-26,2,2025-11-27,completed
pp_0000020,u_00220,purpose_21,2025-11-26,3,2025-11-28,completed
pp_0000021,u_00220,purpose_21,2025-11-26,5,2025-11-30,completed
pp_0000022,u_00220,purpose_21,2025-11-26,6,2025-12-01,completed
pp_0000023,u_00220,purpose_21,2025-11-26,7,2025-12-02,completed
pp_0000024,u_00224,purpose_21,2025-05-29,1,2025-05-29,completed
pp_0000025,u_00224,purpose_21,2025-05-29,3,2025-05-31,completed
pp_0000026,u_00224,purpose_21,2025-05-29,4,2025-06-01,completed
pp_0000027,u_00224,purpose_21,2025-05-29,5,2025-06-02,completed
pp_0000028,u_00242,gratitude_21,2025-08-15,1,2025-08-15,completed
pp_0000029,u_00242,gratitude_21,2025-08-15,2,2025-08-16,completed
pp_0000030,u_00242,gratitude_21,2025-08-15,3,2025-08-17,completed
pp_0000031,u_00242,gratitude_21,2025-08-15,4,2025-08-18,completed
pp_0000032,u_00242,gratitude_21,2025-08-15,5,2025-08-19,completed
pp_0000033,u_00242,gratitude_21,2025-08-15,6,2025-08-20,completed
pp_0000034,u_00242,gratitude_21,2025-08-15,7,2025-08-21,completed
pp_0000035,u_00305,purpose_21,2025-06-06,1,2025-06-06,completed
pp_0000036,u_00305,purpose_21,2025-06-06,4,2025-06-09,completed
pp_0000037,u_00305,purpose_21,2025-06-06,6,2025-06-11,completed
pp_0000038,u_00347,sabr_21,2025-04-15,1,2025-04-15,completed
pp_0000039,u_00347,sabr_21,2025-04-15,2,2025-04-16,completed
pp_0000040,u_00347,sabr_21,2025-04-15,3,2025-04-17,completed
pp_0000041,u_00347,sabr_21,2025-04-15,4,2025-04-18,completed
pp_0000042,u_00347,sabr_21,2025-04-15,5,2025-04-19,completed
pp_0000043,u_00359,gratitude_21,2025-01-27,1,2025-01-27,completed
pp_0000044,u_00359,gratitude_21,2025-01-27,3,2025-01-29,completed
pp_0000045,u_00359,gratitude_21,2025-01-27,4,2025-01-30,completed
pp_0000046,u_00359,gratitude_21,2025-01-27,5,2025-01-31,completed
pp_0000047,u_00362,sabr_21,2025-12-23,1,2025-12-23,completed
pp_0000048,u_00362,sabr_21,2025-12-23,2,2025-12-24,completed
pp_0000049,u_00362,sabr_21,2025-12-23,3,2025-12-25,completed
pp_0000050,u_00362,sabr_21,2025-12-23,4,2025-12-26,completed
pp_0000051,u_00362,sabr_21,2025-12-23,6,2025-12-28,completed
pp_0000052,u_00364,gratitude_21,2025-01-23,1,2025-01-23,completed
pp_0000053,u_00364,gratitude_21,2025-01-23,3,2025-01-25,completed
pp_0000054,u_00364,gratitude_21,2025-01-23,4,2025-01-26,completed
pp_0000055,u_00394,gratitude_21,2025-05-16,1,2025-05-16,completed
pp_0000056,u_00394,gratitude_21,2025-05-16,2,2025-05-17,completed
pp_0000057,u_00394,gratitude_21,2025-05-16,4,2025-05-19,completed
pp_0000058,u_00394,gratitude_21,2025-05-16,5,2025-05-20,completed
pp_0000059,u_00416,purpose_21,2025-06-06,1,2025-06-06,completed
pp_0000060,u_00416,purpose_21,2025-06-06,2,2025-06-07,completed
pp_0000061,u_00416,purpose_21,2025-06-06,4,2025-06-09,completed
pp_0000062,u_00416,purpose_21,2025-06-06,5,2025-06-10,completed
pp_0000063,u_00416,purpose_21,2025-06-06,6,2025-06-11,completed
pp_0000064,u_00453,gratitude_21,2025-08-22,1,2025-08-22,completed
pp_0000065,u_00453,gratitude_21,2025-08-22,2,2025-08-23,completed
pp_0000066,u_00453,gratitude_21,2025-08-22,3,2025-08-24,completed
pp_0000067,u_00453,gratitude_21,2025-08-22,4,2025-08-25,completed
pp_0000068,u_00549,gratitude_21,2025-06-21,1,2025-06-21,completed
pp_0000069,u_00549,gratitude_21,2025-06-21,2,2025-06-22,completed
pp_0000070,u_00580,sabr_21,2025-06-26,1,2025-06-26,completed
pp_0000071,u_00580,sabr_21,2025-06-26,2,2025-06-27,completed
pp_0000072,u_00580,sabr_21,2025-06-26,3,2025-06-28,completed
pp_0000073,u_00580,sabr_21,2025-06-26,4,2025-06-29,completed
pp_0000074,u_00580,sabr_21,2025-06-26,5,2025-06-30,completed
pp_0000075,u_00580,sabr_21,2025-06-26,6,2025-07-01,completed
pp_0000076,u_00691,purpose_21,2025-03-29,1,2025-03-29,completed
pp_0000077,u_00691,purpose_21,2025-03-29,2,2025-03-30,completed
pp_0000078,u_00691,purpose_21,2025-03-29,3,2025-03-31,completed
pp_0000079,u_00736,purpose_21,2025-10-21,1,2025-10-21,completed
pp_0000080,u_00736,purpose_21,2025-10-21,2,2025-10-22,completed
pp_0000081,u_00736,purpose_21,2025-10-21,3,2025-10-23,completed
pp_0000082,u_00773,gratitude_21,2025-02-23,1,2025-02-23,completed
pp_0000083,u_00773,gratitude_21,2025-02-23,2,2025-02-24,completed
pp_0000084,u_00773,gratitude_21,2025-02-23,3,2025-02-25,completed
pp_0000085,u_00773,gratitude_21,2025-02-23,4,2025-02-26,completed
pp_0000086,u_00799,sabr_21,2025-06-05,1,2025-06-05,completed
pp_0000087,u_00799,sabr_21,2025-06-05,2,2025-06-06,completed
pp_0000088,u_00799,sabr_21,2025-06-05,3,2025-06-07,completed
pp_0000089,u_00836,sabr_21,2025-10-25,1,2025-10-25,completed
pp_0000090,u_00836,sabr_21,2025-10-25,2,2025-10-26,completed
pp_0000091,u_00836,sabr_21,2025-10-25,3,2025-10-27,completed
pp_0000092,u_01046,sabr_21,2025-12-29,1,2025-12-29,completed
pp_0000093,u_01046,sabr_21,2025-12-29,3,2025-12-31,completed
pp_0000094,u_01121,purpose_21,2025-08-04,1,2025-08-04,completed
pp_0000095,u_01121,purpose_21,2025-08-04,2,2025-08-05,completed
pp_0000096,u_01183,gratitude_21,2025-08-23,1,2025-08-23,completed
pp_0000097,u_01183,gratitude_21,2025-08-23,2,2025-08-24,completed
pp_0000098,u_01229,purpose_21,2025-09-22,1,2025-09-22,completed
pp_0000099,u_01229,purpose_21,2025-09-22,3,2025-09-24,completed
pp_0000100,u_01229,purpose_21,2025-09-22,4,2025-09-25,completed
pp_0000101,u_01229,purpose_21,2025-09-22,5,2025-09-26,completed
pp_0000102,u_01236,purpose_21,2025-07-03,1,2025-07-03,completed
pp_0000103,u_01236,purpose_21,2025-07-03,2,2025-07-04,completed
pp_0000104,u_01236,purpose_21,2025-07-03,3,2025-07-05,completed
pp_0000105,u_01236,purpose_21,2025-07-03,4,2025-07-06,completed
pp_0000106,u_01236,purpose_21,2025-07-03,6,2025-07-08,completed
pp_0000107,u_01236,purpose_21,2025-07-03,7,2025-07-09,completed
pp_0000108,u_01323,purpose_21,2025-03-16,1,2025-03-16,completed
pp_0000109,u_01323,purpose_21,2025-03-16,2,2025-03-17,completed
pp_0000110,u_01323,purpose_21,2025-03-16,3,2025-03-18,completed
pp_0000111,u_01323,purpose_21,2025-03-16,5,2025-03-20,completed
pp_0000112,u_01323,purpose_21,2025-03-16,7,2025-03-22,completed
pp_0000113,u_01331,purpose_21,2025-10-01,1,2025-10-01,completed
pp_0000114,u_01331,purpose_21,2025-10-01,2,2025-10-02,completed
pp_0000115,u_01331,purpose_21,2025-10-01,4,2025-10-04,completed
pp_0000116,u_01331,purpose_21,2025-10-01,5,2025-10-05,completed
pp_0000117,u_01380,gratitude_21,2025-03-07,1,2025-03-07,completed
pp_0000118,u_01380,gratitude_21,2025-03-07,2,2025-03-08,completed
pp_0000119,u_01380,gratitude_21,2025-03-07,3,2025-03-09,completed
pp_0000120,u_01380,gratitude_21,2025-03-07,5,2025-03-11,completed
pp_0000121,u_01395,gratitude_21,2025-06-22,1,2025-06-22,completed
pp_0000122,u_01395,gratitude_21,2025-06-22,2,2025-06-23,completed
pp_0000123,u_01408,purpose_21,2025-03-28,1,2025-03-28,completed
pp_0000124,u_01408,purpose_21,2025-03-28,2,2025-03-29,completed
pp_0000125,u_01408,purpose_21,2025-03-28,3,2025-03-30,completed
pp_0000126,u_01408,purpose_21,2025-03-28,4,2025-03-31,completed
pp_0000127,u_01550,gratitude_21,2025-06-06,1,2025-06-06,completed
pp_0000128,u_01550,gratitude_21,2025-06-06,2,2025-06-07,completed
pp_0000129,u_01551,purpose_21,2025-07-05,1,2025-07-05,completed
pp_0000130,u_01551,purpose_21,2025-07-05,3,2025-07-07,completed
pp_0000131,u_01551,purpose_21,2025-07-05,4,2025-07-08,completed
pp_0000132,u_01551,purpose_21,2025-07-05,5,2025-07-09,completed
pp_0000133,u_01551,purpose_21,2025-07-05,6,2025-07-10,completed
pp_0000134,u_01576,gratitude_21,2025-10-07,1,2025-10-07,completed
pp_0000135,u_01576,gratitude_21,2025-10-07,2,2025-10-08,completed
pp_0000136,u_01576,gratitude_21,2025-10-07,3,2025-10-09,completed
pp_0000137,u_01576,gratitude_21,2025-10-07,4,2025-10-10,completed
pp_0000138,u_01576,gratitude_21,2025-10-07,5,2025-10-11,completed
pp_0000139,u_01576,gratitude_21,2025-10-07,6,2025-10-12,completed
pp_0000140,u_01591,gratitude_21,2025-06-18,1,2025-06-18,completed
pp_0000141,u_01591,gratitude_21,2025-06-18,2,2025-06-19,completed
pp_0000142,u_01665,gratitude_21,2025-06-10,1,2025-06-10,completed
pp_0000143,u_01665,gratitude_21,2025-06-10,2,2025-06-11,completed
pp_0000144,u_01665,gratitude_21,2025-06-10,3,2025-06-12,completed
pp_0000145,u_01665,gratitude_21,2025-06-10,4,2025-06-13,completed
pp_0000146,u_01665,gratitude_21,2025-06-10,6,2025-06-15,completed
pp_0000147,u_01699,purpose_21,2025-04-25,1,2025-04-25,completed
pp_0000148,u_01699,purpose_21,2025-04-25,2,2025-04-26,completed
pp_0000149,u_01699,purpose_21,2025-04-25,3,2025-04-27,completed
pp_0000150,u_01701,purpose_21,2025-05-15,1,2025-05-15,completed
pp_0000151,u_01701,purpose_21,2025-05-15,3,2025-05-17,completed
pp_0000152,u_01701,purpose_21,2025-05-15,4,2025-05-18,completed
pp_0000153,u_01701,purpose_21,2025-05-15,5,2025-05-19,completed
pp_0000154,u_01701,purpose_21,2025-05-15,6,2025-05-20,completed
pp_0000155,u_01701,purpose_21,2025-05-15,7,2025-05-21,completed
pp_0000156,u_01725,purpose_21,2025-03-31,1,2025-03-31,completed
pp_0000157,u_01725,purpose_21,2025-03-31,2,2025-04-01,completed
pp_0000158,u_01725,purpose_21,2025-03-31,3,2025-04-02,completed
pp_0000159,u_01728,gratitude_21,2025-12-12,1,2025-12-12,completed
pp_0000160,u_01728,gratitude_21,2025-12-12,2,2025-12-13,completed
pp_0000161,u_01728,gratitude_21,2025-12-12,3,2025-12-14,completed
pp_0000162,u_01728,gratitude_21,2025-12-12,6,2025-12-17,completed
pp_0000163,u_01728,gratitude_21,2025-12-12,7,2025-12-18,completed
pp_0000164,u_01791,sabr_21,2025-05-26,1,2025-05-26,completed
pp_0000165,u_01791,sabr_21,2025-05-26,2,2025-05-27,completed
pp_0000166,u_01791,sabr_21,2025-05-26,3,2025-05-28,completed
pp_0000167,u_01850,gratitude_21,2025-02-15,1,2025-02-15,completed
pp_0000168,u_01850,gratitude_21,2025-02-15,2,2025-02-16,completed
pp_0000169,u_01875,gratitude_21,2025-12-08,1,2025-12-08,completed
pp_0000170,u_01875,gratitude_21,2025-12-08,2,2025-12-09,completed
pp_0000171,u_01875,gratitude_21,2025-12-08,3,2025-12-10,completed
pp_0000172,u_01914,gratitude_21,2025-04-12,1,2025-04-12,completed
pp_0000173,u_01914,gratitude_21,2025-04-12,2,2025-04-13,completed
pp_0000174,u_01914,gratitude_21,2025-04-12,3,2025-04-14,completed
pp_0000175,u_01914,gratitude_21,2025-04-12,4,2025-04-15,completed
pp_0000176,u_01914,gratitude_21,2025-04-12,6,2025-04-17,completed
pp_0000177,u_01917,gratitude_21,2025-08-27,1,2025-08-27,completed
pp_0000178,u_01939,purpose_21,2025-12-21,1,2025-12-21,completed
pp_0000179,u_01939,purpose_21,2025-12-21,3,2025-12-23,completed
pp_0000180,u_01939,purpose_21,2025-12-21,4,2025-12-24,completed
pp_0000181,u_01939,purpose_21,2025-12-21,5,2025-12-25,completed
pp_0000182,u_01939,purpose_21,2025-12-21,6,2025-12-26,completed
pp_0000183,u_02015,gratitude_21,2025-08-30,1,2025-08-30,completed
pp_0000184,u_02015,gratitude_21,2025-08-30,2,2025-08-31,completed
pp_0000185,u_02015,gratitude_21,2025-08-30,3,2025-09-01,completed
pp_0000186,u_02015,gratitude_21,2025-08-30,4,2025-09-02,completed
pp_0000187,u_02041,sabr_21,2025-09-23,1,2025-09-23,completed
pp_0000188,u_02041,sabr_21,2025-09-23,5,2025-09-27,completed
pp_0000189,u_02043,purpose_21,2025-04-29,1,2025-04-29,completed
pp_0000190,u_02043,purpose_21,2025-04-29,2,2025-04-30,completed
pp_0000191,u_02049,purpose_21,2025-08-28,1,2025-08-28,completed
pp_0000192,u_02049,purpose_21,2025-08-28,2,2025-08-29,completed
pp_0000193,u_02049,purpose_21,2025-08-28,3,2025-08-30,completed
pp_0000194,u_02081,sabr_21,2025-03-25,1,2025-03-25,completed
pp_0000195,u_02087,sabr_21,2025-06-12,1,2025-06-12,completed
pp_0000196,u_02087,sabr_21,2025-06-12,2,2025-06-13,completed
pp_0000197,u_02087,sabr_21,2025-06-12,3,2025-06-14,completed
pp_0000198,u_02087,sabr_21,2025-06-12,5,2025-06-16,completed
pp_0000199,u_02087,sabr_21,2025-06-12,6,2025-06-17,completed
pp_0000200,u_02087,sabr_21,2025-06-12,7,2025-06-18,completed
pp_0000201,u_02104,purpose_21,2025-12-28,1,2025-12-28,completed
pp_0000202,u_02104,purpose_21,2025-12-28,2,2025-12-29,completed
pp_0000203,u_02104,purpose_21,2025-12-28,3,2025-12-30,completed
pp_0000204,u_02104,purpose_21,2025-12-28,4,2025-12-31,completed
pp_0000205,u_02104,purpose_21,2025-12-28,5,2026-01-01,completed
pp_0000206,u_02104,purpose_21,2025-12-28,6,2026-01-02,completed
pp_0000207,u_02138,gratitude_21,2025-07-26,1,2025-07-26,completed
pp_0000208,u_02138,gratitude_21,2025-07-26,2,2025-07-27,completed
pp_0000209,u_02138,gratitude_21,2025-07-26,3,2025-07-28,completed
pp_0000210,u_02138,gratitude_21,2025-07-26,4,2025-07-29,completed
pp_0000211,u_02138,gratitude_21,2025-07-26,5,2025-07-30,completed
pp_0000212,u_02138,gratitude_21,2025-07-26,6,2025-07-31,completed
pp_0000213,u_02138,gratitude_21,2025-07-26,7,2025-08-01,completed
pp_0000214,u_02179,gratitude_21,2025-11-29,1,2025-11-29,completed
pp_0000215,u_02179,gratitude_21,2025-11-29,2,2025-11-30,completed
pp_0000216,u_02179,gratitude_21,2025-11-29,3,2025-12-01,completed
pp_0000217,u_02179,gratitude_21,2025-11-29,4,2025-12-02,completed
pp_0000218,u_02179,gratitude_21,2025-11-29,5,2025-12-03,completed
pp_0000219,u_02230,gratitude_21,2025-07-08,1,2025-07-08,completed
pp_0000220,u_02230,gratitude_21,2025-07-08,2,2025-07-09,completed
pp_0000221,u_02230,gratitude_21,2025-07-08,3,2025-07-10,completed
pp_0000222,u_02230,gratitude_21,2025-07-08,4,2025-07-11,completed
pp_0000223,u_02230,gratitude_21,2025-07-08,6,2025-07-13,completed
pp_0000224,u_02246,gratitude_21,2025-02-12,1,2025-02-12,completed
pp_0000225,u_02246,gratitude_21,2025-02-12,2,2025-02-13,completed
pp_0000226,u_02246,gratitude_21,2025-02-12,4,2025-02-15,completed
pp_0000227,u_02246,gratitude_21,2025-02-12,5,2025-02-16,completed
pp_0000228,u_02285,gratitude_21,2025-06-13,1,2025-06-13,completed
pp_0000229,u_02285,gratitude_21,2025-06-13,2,2025-06-14,completed
pp_0000230,u_02285,gratitude_21,2025-06-13,3,2025-06-15,completed
pp_0000231,u_02285,gratitude_21,2025-06-13,4,2025-06-16,completed
pp_0000232,u_02285,gratitude_21,2025-06-13,5,2025-06-17,completed
pp_0000233,u_02306,gratitude_21,2025-03-12,1,2025-03-12,completed
pp_0000234,u_02310,gratitude_21,2025-11-29,1,2025-11-29,completed
pp_0000235,u_02310,gratitude_21,2025-11-29,3,2025-12-01,completed
pp_0000236,u_02310,gratitude_21,2025-11-29,5,2025-12-03,completed
pp_0000237,u_02312,sabr_21,2025-03-02,1,2025-03-02,completed
pp_0000238,u_02312,sabr_21,2025-03-02,3,2025-03-04,completed
pp_0000239,u_02312,sabr_21,2025-03-02,4,2025-03-05,completed
pp_0000240,u_02312,sabr_21,2025-03-02,5,2025-03-06,completed
pp_0000241,u_02312,sabr_21,2025-03-02,7,2025-03-08,completed
pp_0000242,u_02325,gratitude_21,2025-07-01,1,2025-07-01,completed
pp_0000243,u_02325,gratitude_21,2025-07-01,2,2025-07-02,completed
pp_0000244,u_02347,purpose_21,2025-02-26,1,2025-02-26,completed
pp_0000245,u_02347,purpose_21,2025-02-26,2,2025-02-27,completed
pp_0000246,u_02347,purpose_21,2025-02-26,4,2025-03-01,completed
pp_0000247,u_02390,purpose_21,2025-04-11,1,2025-04-11,completed
pp_0000248,u_02390,purpose_21,2025-04-11,2,2025-04-12,completed
pp_0000249,u_02390,purpose_21,2025-04-11,3,2025-04-13,completed
pp_0000250,u_02430,gratitude_21,2025-07-15,1,2025-07-15,completed
pp_0000251,u_02430,gratitude_21,2025-07-15,2,2025-07-16,completed
pp_0000252,u_02430,gratitude_21,2025-07-15,3,2025-07-17,completed
pp_0000253,u_02430,gratitude_21,2025-07-15,4,2025-07-18,completed
pp_0000254,u_02430,gratitude_21,2025-07-15,5,2025-07-19,completed
pp_0000255,u_02464,gratitude_21,2025-10-23,1,2025-10-23,completed
pp_0000256,u_02464,gratitude_21,2025-10-23,3,2025-10-25,completed
pp_0000257,u_02464,gratitude_21,2025-10-23,4,2025-10-26,completed
pp_0000258,u_02464,gratitude_21,2025-10-23,5,2025-10-27,completed
pp_0000259,u_02464,gratitude_21,2025-10-23,6,2025-10-28,completed
pp_0000260,u_02524,gratitude_21,2025-08-02,1,2025-08-02,completed
pp_0000261,u_02524,gratitude_21,2025-08-02,3,2025-08-04,completed
pp_0000262,u_02524,gratitude_21,2025-08-02,4,2025-08-05,completed
pp_0000263,u_02524,gratitude_21,2025-08-02,5,2025-08-06,completed
pp_0000264,u_02524,gratitude_21,2025-08-02,6,2025-08-07,completed
pp_0000265,u_02531,sabr_21,2025-10-16,1,2025-10-16,completed
pp_0000266,u_02531,sabr_21,2025-10-16,2,2025-10-17,completed
pp_0000267,u_02531,sabr_21,2025-10-16,3,2025-10-18,completed
pp_0000268,u_02632,gratitude_21,2025-10-01,1,2025-10-01,completed
pp_0000269,u_02691,sabr_21,2025-12-07,1,2025-12-07,completed
pp_0000270,u_02712,gratitude_21,2025-07-27,1,2025-07-27,completed
pp_0000271,u_02712,gratitude_21,2025-07-27,2,2025-07-28,completed
pp_0000272,u_02732,gratitude_21,2025-09-06,1,2025-09-06,completed
pp_0000273,u_02732,gratitude_21,2025-09-06,2,2025-09-07,completed
pp_0000274,u_02732,gratitude_21,2025-09-06,4,2025-09-09,completed
pp_0000275,u_02759,purpose_21,2025-01-27,1,2025-01-27,completed
pp_0000276,u_02759,purpose_21,2025-01-27,2,2025-01-28,completed
pp_0000277,u_02759,purpose_21,2025-01-27,3,2025-01-29,completed
pp_0000278,u_02761,sabr_21,2025-06-30,1,2025-06-30,completed
pp_0000279,u_02761,sabr_21,2025-06-30,2,2025-07-01,completed
pp_0000280,u_02761,sabr_21,2025-06-30,3,2025-07-02,completed
pp_0000281,u_02761,sabr_21,2025-06-30,5,2025-07-04,completed
pp_0000282,u_02763,purpose_21,2025-02-22,1,2025-02-22,completed
pp_0000283,u_02763,purpose_21,2025-02-22,2,2025-02-23,completed
pp_0000284,u_02763,purpose_21,2025-02-22,4,2025-02-25,completed
pp_0000285,u_02815,sabr_21,2025-08-30,1,2025-08-30,completed
pp_0000286,u_02815,sabr_21,2025-08-30,2,2025-08-31,completed
pp_0000287,u_02815,sabr_21,2025-08-30,3,2025-09-01,completed
pp_0000288,u_02815,sabr_21,2025-08-30,4,2025-09-02,completed
pp_0000289,u_02815,sabr_21,2025-08-30,5,2025-09-03,completed
pp_0000290,u_02823,purpose_21,2025-06-18,1,2025-06-18,completed
pp_0000291,u_02823,purpose_21,2025-06-18,2,2025-06-19,completed
pp_0000292,u_02827,sabr_21,2025-05-10,1,2025-05-10,completed
pp_0000293,u_02827,sabr_21,2025-05-10,2,2025-05-11,completed
pp_0000294,u_02827,sabr_21,2025-05-10,3,2025-05-12,completed
pp_0000295,u_02827,sabr_21,2025-05-10,4,2025-05-13,completed
pp_0000296,u_02842,gratitude_21,2025-06-18,1,2025-06-18,completed
pp_0000297,u_02842,gratitude_21,2025-06-18,2,2025-06-19,completed
pp_0000298,u_02872,sabr_21,2025-11-27,1,2025-11-27,completed
pp_0000299,u_02872,sabr_21,2025-11-27,4,2025-11-30,completed
pp_0000300,u_02877,sabr_21,2025-05-21,1,2025-05-21,completed
pp_0000301,u_02877,sabr_21,2025-05-21,2,2025-05-22,completed
pp_0000302,u_02880,gratitude_21,2025-11-21,1,2025-11-21,completed
pp_0000303,u_02880,gratitude_21,2025-11-21,2,2025-11-22,completed
pp_0000304,u_02880,gratitude_21,2025-11-21,3,2025-11-23,completed
pp_0000305,u_02880,gratitude_21,2025-11-21,4,2025-11-24,completed
pp_0000306,u_02880,gratitude_21,2025-11-21,5,2025-11-25,completed
pp_0000307,u_02880,gratitude_21,2025-11-21,6,2025-11-26,completed
pp_0000308,u_02880,gratitude_21,2025-11-21,7,2025-11-27,completed
pp_0000309,u_02887,gratitude_21,2025-04-23,1,2025-04-23,completed
pp_0000310,u_02887,gratitude_21,2025-04-23,2,2025-04-24,completed
pp_0000311,u_02887,gratitude_21,2025-04-23,3,2025-04-25,completed
pp_0000312,u_02887,gratitude_21,2025-04-23,4,2025-04-26,completed
pp_0000313,u_02887,gratitude_21,2025-04-23,5,2025-04-27,completed
pp_0000314,u_02887,gratitude_21,2025-04-23,6,2025-04-28,completed
pp_0000315,u_02888,gratitude_21,2025-09-15,1,2025-09-15,completed
pp_0000316,u_02888,gratitude_21,2025-09-15,2,2025-09-16,completed
pp_0000317,u_02888,gratitude_21,2025-09-15,3,2025-09-17,completed
pp_0000318,u_02888,gratitude_21,2025-09-15,4,2025-09-18,completed
pp_0000319,u_02888,gratitude_21,2025-09-15,5,2025-09-19,completed
pp_0000320,u_02888,gratitude_21,2025-09-15,6,2025-09-20,completed
pp_0000321,u_02905,purpose_21,2025-08-01,1,2025-08-01,completed
pp_0000322,u_02905,purpose_21,2025-08-01,2,2025-08-02,completed
pp_0000323,u_02905,purpose_21,2025-08-01,3,2025-08-03,completed
pp_0000324,u_02964,gratitude_21,2025-05-19,1,2025-05-19,completed
pp_0000325,u_02964,gratitude_21,2025-05-19,2,2025-05-20,completed
pp_0000326,u_02964,gratitude_21,2025-05-19,3,2025-05-21,completed
pp_0000327,u_02964,gratitude_21,2025-05-19,6,2025-05-24,completed
